{"sceneLib":[{"ID":"scene_100005","name":"1_\u767B\u5F55","idobj":["obj_100006"],"optobj":[{"ID":"obj_100007","name":"\u5BF9\u8C61100007","uitype":"TYPE_IMAGE","operation":"TYPE_SCRIPT","ext_operation":"kai_shi","locator":"obj_100007.jpg","params":{"similarity":0.7,"gray":0,"index":-1,"locator":"obj_100006.jpg","by":"CV","xOffset":0,"yOffset":0,"timeOut":20,"raiseException":0,"LongClickTime":1,"text":"","key":"","repeat":1},"position":[0.24924012158054712,0.31837307152875177,0.7507598784194529,0.37727910238429174],"tscene":null,"bscene":null,"isreturn":false,"bgimage":"","wait":0,"position_lock":1,"animation":0,"is_word":0,"is_transparent":0,"is_highlight":0,"is_new_player":0,"reusable_times":1,"operate_order":0}],"isroot":false,"zindex":0,"recommended_order":0,"is_random_scene":0,"resource":"scene_100005.jpg","direction":1,"activity":"com.tencent.mobileqq.activity.SplashActivity","tag":"com.tencent.mobileqq.activity.SplashActivity","step":"","is_necessary":1,"resolution":[1080,2340]},{"ID":"scene_100008","name":"s_\u5B8C\u7F8E\u4E16\u754C","idobj":["obj_100009"],"optobj":[{"ID":"obj_100010","name":"\u5BF9\u8C61100010","uitype":"TYPE_IMAGE","operation":"TYPE_SCRIPT","ext_operation":"huodong1","locator":"obj_100010.jpg","params":{"similarity":0.7,"gray":0,"index":-1,"locator":"obj_100009.jpg","by":"CV","xOffset":0,"yOffset":0,"timeOut":20,"raiseException":0,"LongClickTime":1,"text":"","key":"","repeat":1},"position":[0.0060790273556231,0.17251051893408134,1,0.3534361851332398],"tscene":null,"bscene":null,"isreturn":false,"bgimage":"","wait":0,"position_lock":1,"animation":0,"is_word":0,"is_transparent":0,"is_highlight":0,"is_new_player":0,"reusable_times":1,"operate_order":0}],"isroot":false,"zindex":0,"recommended_order":0,"is_random_scene":1,"resource":"scene_100008.jpg","direction":1,"activity":"com.tencent.mobileqq.activity.SplashActivity","tag":"com.tencent.mobileqq.activity.SplashActivity","step":"","is_necessary":0,"resolution":[1080,2340]},{"ID":"scene_100011","name":"s_\u738B\u8005\u8363\u8000","idobj":["obj_100012"],"optobj":[{"ID":"obj_100013","name":"\u5BF9\u8C61100013","uitype":"TYPE_IMAGE","operation":"TYPE_SCRIPT","ext_operation":"wzry","locator":"obj_100013.jpg","params":{"similarity":0.7,"gray":0,"index":-1,"locator":"obj_100012.jpg","by":"CV","xOffset":0,"yOffset":0,"timeOut":20,"raiseException":0,"LongClickTime":1,"text":"","key":"","repeat":1},"position":[0.05167173252279635,0.10659186535764376,0.33738601823708203,0.3141654978962132],"tscene":null,"bscene":null,"isreturn":false,"bgimage":"","wait":0,"position_lock":1,"animation":0,"is_word":0,"is_transparent":0,"is_highlight":0,"is_new_player":0,"reusable_times":1,"operate_order":0}],"isroot":false,"zindex":0,"recommended_order":0,"is_random_scene":1,"resource":"scene_100011.jpg","direction":1,"activity":"com.tencent.mobileqq.activity.SplashActivity","tag":"com.tencent.mobileqq.activity.SplashActivity","step":"","is_necessary":0,"resolution":[1080,2340]},{"ID":"scene_100014","name":"s_IEG\u5E74\u4F1A","idobj":["obj_100015"],"optobj":[{"ID":"obj_100016","name":"\u5BF9\u8C61100016","uitype":"TYPE_IMAGE","operation":"TYPE_SCRIPT","ext_operation":"IEG","locator":"obj_100016.jpg","params":{"similarity":0.7,"gray":0,"index":-1,"locator":"obj_100015.jpg","by":"CV","xOffset":0,"yOffset":0,"timeOut":20,"raiseException":0,"LongClickTime":1,"text":"","key":"","repeat":1},"position":[0.04559270516717325,0.1332398316970547,0.9574468085106383,0.30995792426367463],"tscene":null,"bscene":null,"isreturn":false,"bgimage":"","wait":0,"position_lock":1,"animation":0,"is_word":0,"is_transparent":0,"is_highlight":0,"is_new_player":0,"reusable_times":1,"operate_order":0}],"isroot":false,"zindex":0,"recommended_order":0,"is_random_scene":0,"resource":"scene_100014.jpg","direction":1,"activity":"com.tencent.mobileqq.activity.SplashActivity","tag":"com.tencent.mobileqq.activity.SplashActivity","step":"","is_necessary":1,"resolution":[1080,2340]}],"objLib":[{"ID":"obj_100006","name":"\u5BF9\u8C61100006","uitype":"TYPE_IMAGE","locator":"obj_100006.jpg","params":{"similarity":0.7,"gray":0,"index":-1,"locator":"obj_100006.jpg","by":"CV","xOffset":0,"yOffset":0,"timeOut":20,"raiseException":0,"LongClickTime":1,"text":"","key":"","repeat":1},"position":[0.24924012158054712,0.31837307152875177,0.7507598784194529,0.37727910238429174],"bscene":null,"bgimage":"","position_lock":1,"animation":0,"is_word":0,"is_transparent":0,"is_highlight":0,"is_new_player":0,"reusable_times":1,"operate_order":0},{"ID":"obj_100007","name":"\u5BF9\u8C61100007","uitype":"TYPE_IMAGE","locator":"obj_100007.jpg","params":{"similarity":0.7,"gray":0,"index":-1,"locator":"obj_100006.jpg","by":"CV","xOffset":0,"yOffset":0,"timeOut":20,"raiseException":0,"LongClickTime":1,"text":"","key":"","repeat":1},"position":[0.24924012158054712,0.31837307152875177,0.7507598784194529,0.37727910238429174],"bscene":null,"bgimage":"","position_lock":1,"animation":0,"is_word":0,"is_transparent":0,"is_highlight":0,"is_new_player":0,"reusable_times":1,"operate_order":0},{"ID":"obj_100009","name":"\u5BF9\u8C61100009","uitype":"TYPE_IMAGE","locator":"obj_100009.jpg","params":{"similarity":0.7,"gray":0,"index":-1,"locator":"obj_100009.jpg","by":"CV","xOffset":0,"yOffset":0,"timeOut":20,"raiseException":0,"LongClickTime":1,"text":"","key":"","repeat":1},"position":[0.0060790273556231,0.17251051893408134,1,0.3534361851332398],"bscene":null,"bgimage":"","position_lock":1,"animation":0,"is_word":0,"is_transparent":0,"is_highlight":0,"is_new_player":0,"reusable_times":1,"operate_order":0},{"ID":"obj_100010","name":"\u5BF9\u8C61100010","uitype":"TYPE_IMAGE","locator":"obj_100010.jpg","params":{"similarity":0.7,"gray":0,"index":-1,"locator":"obj_100009.jpg","by":"CV","xOffset":0,"yOffset":0,"timeOut":20,"raiseException":0,"LongClickTime":1,"text":"","key":"","repeat":1},"position":[0.0060790273556231,0.17251051893408134,1,0.3534361851332398],"bscene":null,"bgimage":"","position_lock":1,"animation":0,"is_word":0,"is_transparent":0,"is_highlight":0,"is_new_player":0,"reusable_times":1,"operate_order":0},{"ID":"obj_100012","name":"\u5BF9\u8C61100012","uitype":"TYPE_IMAGE","locator":"obj_100012.jpg","params":{"similarity":0.7,"gray":0,"index":-1,"locator":"obj_100012.jpg","by":"CV","xOffset":0,"yOffset":0,"timeOut":20,"raiseException":0,"LongClickTime":1,"text":"","key":"","repeat":1},"position":[0.05167173252279635,0.10659186535764376,0.33738601823708203,0.3141654978962132],"bscene":null,"bgimage":"","position_lock":1,"animation":0,"is_word":0,"is_transparent":0,"is_highlight":0,"is_new_player":0,"reusable_times":1,"operate_order":0},{"ID":"obj_100013","name":"\u5BF9\u8C61100013","uitype":"TYPE_IMAGE","locator":"obj_100013.jpg","params":{"similarity":0.7,"gray":0,"index":-1,"locator":"obj_100012.jpg","by":"CV","xOffset":0,"yOffset":0,"timeOut":20,"raiseException":0,"LongClickTime":1,"text":"","key":"","repeat":1},"position":[0.05167173252279635,0.10659186535764376,0.33738601823708203,0.3141654978962132],"bscene":null,"bgimage":"","position_lock":1,"animation":0,"is_word":0,"is_transparent":0,"is_highlight":0,"is_new_player":0,"reusable_times":1,"operate_order":0},{"ID":"obj_100015","name":"\u5BF9\u8C61100015","uitype":"TYPE_IMAGE","locator":"obj_100015.jpg","params":{"similarity":0.7,"gray":0,"index":-1,"locator":"obj_100015.jpg","by":"CV","xOffset":0,"yOffset":0,"timeOut":20,"raiseException":0,"LongClickTime":1,"text":"","key":"","repeat":1},"position":[0.04559270516717325,0.1332398316970547,0.9574468085106383,0.30995792426367463],"bscene":null,"bgimage":"","position_lock":1,"animation":0,"is_word":0,"is_transparent":0,"is_highlight":0,"is_new_player":0,"reusable_times":1,"operate_order":0},{"ID":"obj_100016","name":"\u5BF9\u8C61100016","uitype":"TYPE_IMAGE","locator":"obj_100016.jpg","params":{"similarity":0.7,"gray":0,"index":-1,"locator":"obj_100015.jpg","by":"CV","xOffset":0,"yOffset":0,"timeOut":20,"raiseException":0,"LongClickTime":1,"text":"","key":"","repeat":1},"position":[0.04559270516717325,0.1332398316970547,0.9574468085106383,0.30995792426367463],"bscene":null,"bgimage":"","position_lock":1,"animation":0,"is_word":0,"is_transparent":0,"is_highlight":0,"is_new_player":0,"reusable_times":1,"operate_order":0}],"version":"1","appInfo":{"name":"","package":"com.tencent.mobileqq","start_activity":"com.tencent.mobileqq.activity.SplashActivity","start_wait":10,"focus_wait":false,"operation_wait":5,"apply_unused_account":1,"game_type":"2"}}